Date,IOC,INDUSINDBK,TATASTEEL,NTPC,BPCL
2019-01-01,137.7,1595.6,515.75,148.7,367.2
2019-01-02,137.25,1576.6,493.65,147.0,357.95
2019-01-03,132.65,1560.1,481.25,143.4,352.5
2019-01-04,133.95,1548.2,487.65,145.75,359.45
2019-01-07,133.45,1559.15,485.5,148.6,355.55
2019-01-08,134.0,1577.75,491.35,146.95,351.95
2019-01-09,132.0,1601.75,479.2,146.55,340.05
2019-01-10,129.9,1565.9,480.4,148.1,335.6
2019-01-11,131.2,1515.15,474.2,148.0,337.3
2019-01-14,132.3,1484.05,470.85,145.55,334.95
2019-01-15,134.55,1495.2,475.05,145.8,341.7
2019-01-16,135.8,1526.7,474.55,146.35,347.25
2019-01-17,137.65,1523.0,473.15,144.9,355.2
2019-01-18,137.85,1516.9,470.65,144.3,354.2
2019-01-21,135.65,1507.6,471.7,143.4,351.55
2019-01-22,135.95,1501.6,456.55,142.8,353.8
2019-01-23,136.1,1495.0,464.6,140.75,357.15
2019-01-24,136.8,1490.3,460.75,140.05,353.95
2019-01-25,137.75,1484.9,452.9,138.3,357.45
2019-01-28,138.05,1443.7,445.7,138.6,348.7
2019-01-29,137.35,1461.85,443.8,138.5,344.9
2019-01-30,134.55,1476.1,467.45,138.7,342.7
2019-01-31,136.85,1505.55,476.7,139.7,345.45
2019-02-01,137.2,1515.15,474.7,140.15,341.0
2019-02-04,135.9,1504.65,476.05,137.25,338.55
2019-02-05,133.75,1541.75,464.7,138.05,337.95
2019-02-06,137.85,1526.05,485.1,137.1,339.3
2019-02-07,138.05,1514.95,489.05,135.95,339.4
2019-02-08,133.8,1499.05,468.75,132.05,337.4
2019-02-11,135.85,1511.0,480.7,130.35,333.6
2019-02-12,134.75,1497.2,487.4,133.25,339.3
2019-02-13,129.9,1498.45,484.0,131.1,329.45
2019-02-14,124.65,1517.5,482.55,131.25,315.65
2019-02-15,125.45,1509.5,467.5,136.25,327.85
2019-02-18,124.95,1517.0,465.55,137.45,327.75
2019-02-19,125.6,1480.5,470.95,133.7,335.25
2019-02-20,129.3,1480.8,491.15,137.2,341.1
2019-02-21,131.1,1471.55,498.85,136.45,335.3
2019-02-22,137.2,1462.8,502.3,139.7,344.2
2019-02-25,138.6,1491.2,505.1,140.35,336.05
2019-02-26,142.25,1478.1,503.6,140.55,336.65
2019-02-27,140.9,1476.7,507.1,138.75,330.7
2019-02-28,144.6,1473.85,500.45,141.25,337.55
2019-03-01,148.05,1514.1,507.6,143.0,346.05
2019-03-05,153.65,1541.6,521.75,147.0,362.5
2019-03-06,154.9,1534.85,520.85,148.95,372.7
2019-03-07,150.2,1531.25,521.15,146.2,370.7
2019-03-08,148.7,1518.0,507.85,152.2,367.35
2019-03-11,153.7,1514.6,520.65,151.4,387.05
2019-03-12,154.1,1569.05,525.15,151.25,390.2
2019-03-13,148.75,1636.35,513.75,148.2,389.05
2019-03-14,151.1,1682.7,517.65,153.65,390.3
2019-03-15,157.35,1703.25,515.45,158.05,396.3
2019-03-18,162.8,1719.1,525.2,158.75,405.55
2019-03-19,162.7,1725.2,527.5,134.9,407.8
2019-03-20,159.0,1713.4,513.6,129.25,389.15
2019-03-22,157.05,1698.6,518.4,134.65,378.95
2019-03-25,164.35,1683.55,515.15,135.35,383.7
2019-03-26,161.8,1714.65,519.35,140.8,383.9
2019-03-27,161.45,1804.25,515.8,137.0,378.95
2019-03-28,161.3,1821.1,506.3,135.75,385.85
2019-03-29,162.85,1780.0,521.0,134.7,397.55
2019-04-01,158.7,1743.05,535.15,135.1,391.9
2019-04-02,158.15,1774.55,530.65,135.15,380.5
2019-04-03,153.45,1773.6,535.45,134.8,363.2
2019-04-04,155.2,1736.15,530.65,135.65,354.3
2019-04-05,158.45,1767.95,549.3,134.8,358.1
2019-04-08,152.05,1751.0,549.05,135.55,351.0
2019-04-09,155.4,1767.1,553.05,135.9,356.3
2019-04-10,156.6,1747.45,544.4,134.6,357.75
2019-04-11,157.95,1740.65,535.7,135.95,361.7
2019-04-12,155.35,1736.8,533.65,135.95,361.15
2019-04-15,154.0,1748.9,553.15,136.75,358.4
2019-04-16,155.7,1815.15,553.25,137.55,357.5
2019-04-18,156.1,1764.3,543.1,135.35,362.9
2019-04-22,149.75,1691.0,534.2,136.0,340.1
2019-04-23,149.4,1651.35,523.35,133.65,336.35
2019-04-24,153.8,1699.25,525.25,133.95,349.0
2019-04-25,152.7,1683.45,510.75,132.9,358.25
2019-04-26,152.85,1698.85,545.25,134.1,371.05
2019-04-30,158.05,1606.5,557.2,134.05,379.85
2019-05-02,158.1,1561.3,554.95,133.1,378.45
2019-05-03,156.15,1556.6,547.8,135.45,380.75
2019-05-06,156.7,1528.25,535.95,135.0,390.35
2019-05-07,153.45,1515.8,530.6,134.1,378.85
2019-05-08,152.2,1488.75,522.65,130.8,379.8
2019-05-09,150.6,1476.55,519.15,127.7,368.05
2019-05-10,147.6,1439.9,486.8,127.0,362.95
2019-05-13,142.6,1393.3,472.3,123.55,355.1
2019-05-14,143.6,1432.7,469.55,125.6,358.6
2019-05-15,145.75,1379.0,462.95,123.95,359.55
2019-05-16,151.15,1358.2,469.25,125.75,375.55
2019-05-17,149.6,1373.55,469.45,125.5,376.2
2019-05-20,157.65,1494.65,483.8,129.25,391.8
2019-05-21,153.5,1447.75,472.55,128.6,374.45
2019-05-22,155.45,1518.9,473.0,129.6,384.25
2019-05-23,154.2,1598.75,464.7,129.85,384.35
2019-05-24,156.8,1648.9,484.15,129.15,395.45
2019-05-27,162.2,1612.8,512.55,133.2,402.0
2019-05-28,163.45,1619.65,507.05,132.6,401.95
2019-05-29,160.35,1608.65,493.3,130.9,399.15
2019-05-30,161.95,1586.9,487.95,135.1,407.65
2019-05-31,165.55,1605.35,488.3,133.25,409.35
2019-06-03,169.7,1662.65,497.65,133.1,417.1
2019-06-04,165.35,1638.0,497.65,135.05,408.35
2019-06-06,163.55,1522.65,484.6,136.55,397.05
2019-06-07,163.8,1552.2,482.1,135.15,403.0
2019-06-10,160.65,1551.65,486.05,135.0,389.65
2019-06-11,162.5,1590.6,492.5,135.3,387.0
2019-06-12,162.55,1569.85,505.85,134.4,381.0
2019-06-13,160.7,1488.85,502.55,134.9,388.8
2019-06-14,159.8,1426.8,501.8,132.75,386.5
2019-06-17,155.3,1399.65,473.1,132.25,378.15
2019-06-18,157.65,1409.0,472.3,132.4,385.55
2019-06-19,154.4,1381.35,494.1,134.65,379.35
2019-06-20,156.75,1435.6,501.0,134.55,385.2
2019-06-21,153.85,1448.65,497.65,134.55,380.0
2019-06-24,152.05,1461.55,486.25,135.6,380.85
2019-06-25,154.6,1449.65,498.0,138.45,393.1
2019-06-26,154.95,1434.8,510.6,140.05,391.4
2019-06-27,156.6,1450.2,510.7,140.15,392.2
2019-06-28,155.9,1410.5,504.4,141.35,392.45
2019-07-01,151.65,1433.6,506.95,142.55,376.2
2019-07-02,154.7,1416.55,508.8,142.95,378.5
2019-07-03,156.15,1470.6,510.3,143.25,381.2
2019-07-04,156.55,1493.1,495.3,143.45,380.0
2019-07-05,152.2,1532.55,478.35,136.5,370.05
2019-07-08,144.05,1476.5,468.05,129.6,360.85
2019-07-09,151.4,1492.1,468.45,129.55,360.1
2019-07-10,148.15,1487.25,454.8,129.05,349.6
2019-07-11,147.9,1541.25,462.0,128.95,350.55
2019-07-12,146.85,1509.5,472.9,127.8,345.75
2019-07-15,145.4,1475.1,468.3,127.95,347.4
2019-07-16,147.05,1473.2,476.7,130.95,354.45
2019-07-17,146.85,1501.25,475.7,129.1,352.8
2019-07-18,147.6,1471.45,466.6,127.05,349.25
2019-07-19,146.5,1422.15,458.05,129.9,351.0
2019-07-22,147.95,1418.4,465.55,130.85,353.5
2019-07-23,147.35,1416.75,459.85,133.05,359.05
2019-07-24,147.95,1362.0,446.0,131.85,349.1
2019-07-25,146.65,1391.65,440.35,129.75,340.3
2019-07-26,141.8,1415.5,445.5,128.8,343.8
2019-07-29,138.25,1432.3,433.45,127.3,342.2
2019-07-30,133.5,1337.3,415.05,127.2,335.5
2019-07-31,139.3,1412.85,432.05,126.55,345.5
2019-08-01,136.95,1398.65,420.0,126.85,343.65
2019-08-02,135.25,1382.9,409.1,123.1,342.45
2019-08-05,132.25,1388.2,399.25,121.0,339.0
2019-08-06,132.4,1417.1,401.6,123.35,345.3
2019-08-07,129.0,1426.35,381.9,123.05,331.1
2019-08-08,130.85,1414.05,367.4,124.65,343.5
2019-08-09,130.5,1413.4,362.35,123.9,346.45
2019-08-13,125.9,1373.45,348.7,117.15,343.1
2019-08-14,126.45,1400.85,364.65,117.6,354.45
2019-08-16,126.25,1439.1,363.05,117.8,351.2
2019-08-19,125.8,1442.5,359.55,118.9,347.0
2019-08-20,124.2,1404.85,358.25,117.95,342.25
2019-08-21,121.05,1367.2,343.0,117.9,327.8
2019-08-22,117.8,1335.65,333.7,114.75,313.0
2019-08-23,122.8,1310.5,345.25,118.5,329.35
2019-08-26,125.5,1348.5,338.05,120.05,335.4
2019-08-27,125.75,1386.1,350.9,123.2,342.3
2019-08-28,122.9,1365.85,336.95,119.9,350.55
2019-08-29,123.65,1350.55,335.55,123.1,354.05
2019-08-30,122.45,1395.75,344.9,121.65,355.25
2019-09-03,117.25,1343.95,331.4,117.65,356.2
2019-09-04,120.35,1317.6,339.25,119.45,363.55
2019-09-05,124.7,1308.1,345.15,123.45,380.8
2019-09-06,126.95,1331.1,355.4,127.0,379.0
2019-09-09,126.65,1335.0,353.8,126.35,382.0
2019-09-11,126.05,1372.15,367.05,124.5,386.1
2019-09-12,124.4,1390.25,365.05,122.25,384.2
2019-09-13,130.1,1398.6,367.35,124.05,408.55
2019-09-16,128.55,1375.95,361.1,123.25,380.0
2019-09-17,125.2,1332.6,344.95,120.9,368.75
2019-09-18,128.15,1330.4,358.25,122.5,382.1
2019-09-19,126.2,1282.25,344.65,121.7,379.85
2019-09-20,132.55,1419.6,368.55,119.85,403.85
2019-09-23,142.65,1511.55,377.35,116.05,450.85
2019-09-24,138.7,1516.3,370.8,115.15,461.3
2019-09-25,140.7,1503.9,362.05,116.9,465.2
2019-09-26,144.55,1548.0,375.75,116.55,480.05
2019-09-27,145.55,1480.8,359.65,117.05,469.8
2019-09-30,147.4,1383.55,360.5,117.5,470.1
2019-10-01,148.55,1298.05,351.55,117.05,493.9
2019-10-03,151.75,1255.5,339.6,116.75,531.6
2019-10-04,151.05,1265.3,333.1,117.4,515.55
2019-10-07,148.7,1241.05,324.8,115.95,490.65
2019-10-09,148.2,1308.65,336.45,117.25,492.85
2019-10-10,148.2,1228.5,329.95,117.25,489.9
2019-10-11,143.4,1223.2,339.0,116.7,488.0
2019-10-14,144.75,1250.6,344.85,117.75,485.95
2019-10-15,146.45,1272.25,349.2,119.4,490.3
2019-10-16,145.55,1274.5,347.4,117.4,512.4
2019-10-17,146.4,1340.1,356.1,118.7,513.3
2019-10-18,145.6,1342.65,359.6,121.05,520.3
2019-10-22,146.45,1341.0,354.5,120.9,534.1
2019-10-23,144.5,1332.6,356.2,121.05,527.1
2019-10-24,141.3,1283.0,359.9,120.2,513.05
2019-10-25,142.1,1272.05,362.25,118.5,524.15
2019-10-27,142.7,1276.65,365.0,118.8,526.8
2019-10-29,144.35,1315.3,390.2,119.9,522.9
2019-10-30,147.15,1297.2,388.0,120.95,525.1
2019-10-31,146.8,1313.2,380.55,122.4,526.6
2019-11-01,142.65,1379.85,399.5,121.5,519.4
2019-11-04,138.7,1352.3,409.15,120.55,522.2
2019-11-05,137.0,1320.1,403.95,120.6,517.5
2019-11-06,135.6,1343.0,404.45,120.65,523.9
2019-11-07,135.85,1381.9,403.1,119.55,513.2
2019-11-08,134.05,1422.8,397.95,117.4,502.75
2019-11-11,135.6,1445.05,401.45,118.25,517.6
2019-11-13,133.85,1414.2,397.9,118.3,510.1
2019-11-14,136.85,1375.1,391.95,118.55,514.65
2019-11-15,131.7,1359.0,394.5,117.35,506.55
2019-11-18,132.55,1374.4,410.05,117.45,521.75
2019-11-19,133.0,1392.75,401.75,117.35,518.95
2019-11-20,130.9,1469.3,398.7,117.05,544.6
2019-11-21,128.9,1446.15,385.1,115.3,514.1
2019-11-22,129.8,1446.15,400.0,117.8,509.4
2019-11-25,130.85,1496.85,419.5,118.1,507.4
2019-11-26,129.3,1515.9,424.15,116.65,496.65
2019-11-27,131.1,1526.35,421.35,115.75,505.9
2019-11-28,132.55,1568.25,432.1,115.55,510.0
2019-11-29,131.4,1569.1,427.5,116.35,511.55
2019-12-02,128.65,1576.0,420.85,115.3,500.05
2019-12-03,128.5,1544.7,399.65,114.55,494.5
2019-12-04,126.85,1544.3,409.3,114.8,501.2
2019-12-05,125.95,1509.75,399.8,114.1,491.85
2019-12-06,124.4,1465.85,403.25,112.65,488.5
2019-12-09,125.5,1450.0,406.7,112.7,499.65
2019-12-10,122.55,1411.6,402.05,110.0,486.3
2019-12-11,125.55,1420.65,405.55,113.0,482.65
2019-12-12,128.1,1444.15,418.7,114.45,491.75
2019-12-13,128.25,1485.4,428.4,115.65,496.75
2019-12-16,126.15,1493.4,421.0,114.95,492.0
2019-12-17,125.65,1492.75,439.4,115.55,496.05
2019-12-18,126.05,1500.8,444.75,114.15,489.25
2019-12-19,127.4,1489.9,446.75,114.05,489.95
2019-12-20,127.4,1487.95,461.0,114.7,487.8
2019-12-23,126.45,1496.3,462.15,114.6,493.0
2019-12-24,127.4,1521.85,463.0,115.2,477.8
2019-12-26,125.1,1515.4,467.9,116.4,477.2
2019-12-27,127.3,1524.9,469.5,116.85,490.95
2019-12-30,126.6,1531.4,474.75,116.55,493.05
2019-12-31,125.55,1510.0,472.05,119.05,491.55
2020-01-01,125.95,1484.3,467.75,121.55,491.65
2020-01-02,127.0,1529.0,484.85,121.4,487.55
2020-01-03,126.85,1528.85,483.7,119.35,483.5
2020-01-06,124.9,1469.4,473.25,118.9,469.15
2020-01-07,124.55,1461.65,476.1,120.55,461.0
2020-01-08,121.85,1458.6,475.25,119.95,459.9
2020-01-09,124.5,1507.65,483.15,119.35,470.55
2020-01-10,125.45,1491.25,486.2,120.3,470.25
2020-01-13,126.95,1539.65,495.75,121.75,470.75
2020-01-14,126.9,1481.65,498.6,123.5,473.35
2020-01-15,125.7,1400.5,502.1,123.85,467.95
2020-01-16,124.15,1386.45,494.4,121.45,461.8
2020-01-17,122.65,1352.25,495.25,121.2,453.9
2020-01-20,117.5,1331.95,490.65,118.25,457.15
2020-01-21,114.8,1336.35,476.15,117.15,463.85
2020-01-22,113.65,1327.4,475.05,112.15,455.45
2020-01-23,118.35,1331.8,480.25,113.5,469.0
2020-01-24,119.65,1316.1,483.4,114.75,466.1
2020-01-27,117.45,1271.2,462.45,113.15,467.75
2020-01-28,117.9,1254.75,446.25,112.05,480.95
2020-01-29,118.3,1258.25,452.2,113.2,479.05
2020-01-30,117.15,1231.5,448.55,113.65,469.65
2020-01-31,113.45,1258.85,438.7,112.85,456.95
2020-02-01,108.9,1211.1,423.8,109.3,443.5
2020-02-03,108.05,1263.1,436.05,110.25,460.3
2020-02-04,113.8,1272.65,451.9,112.0,478.5
2020-02-05,114.7,1272.8,475.05,111.2,501.7
2020-02-06,117.05,1334.25,477.6,112.0,495.05
2020-02-07,117.5,1298.8,471.0,115.6,491.4
2020-02-10,115.8,1274.95,443.8,113.5,485.45
2020-02-11,116.05,1292.65,444.1,116.85,481.0
2020-02-12,115.1,1277.4,447.95,116.8,474.75
2020-02-13,114.75,1230.75,441.25,115.15,469.0
2020-02-14,115.1,1176.0,434.55,112.7,476.45
2020-02-17,111.8,1172.95,436.85,110.3,461.65
2020-02-18,112.65,1140.7,431.4,109.6,470.75
2020-02-19,114.2,1142.15,433.2,112.05,475.55
2020-02-20,112.3,1182.2,443.55,111.35,471.75
2020-02-24,110.55,1170.25,415.45,109.7,464.65
2020-02-25,110.45,1153.85,421.3,110.1,456.75
2020-02-26,108.35,1135.0,416.3,109.1,448.8
2020-02-27,105.65,1115.55,412.8,109.05,444.05
2020-02-28,105.75,1104.05,381.75,106.55,426.35
2020-03-02,103.95,1079.25,364.05,103.9,412.35
2020-03-03,106.65,1108.05,387.55,108.9,425.0
2020-03-04,106.6,1065.95,377.15,107.95,418.7
2020-03-05,104.8,1075.0,375.75,107.85,418.4
2020-03-06,100.8,1014.8,351.5,105.15,403.1
2020-03-09,99.4,903.1,322.3,102.9,423.85
2020-03-11,96.9,853.55,299.75,103.05,404.4
2020-03-12,87.9,784.65,287.45,94.35,344.3
2020-03-13,92.25,803.75,326.7,98.05,376.05
2020-03-16,89.7,664.15,289.6,90.8,364.65
2020-03-17,89.4,604.15,282.75,88.1,357.2
2020-03-18,87.6,460.8,280.85,80.55,332.55
2020-03-19,87.95,444.05,271.85,78.35,300.25
2020-03-20,90.6,440.35,297.75,81.25,317.85
2020-03-23,80.75,336.45,271.15,76.4,269.35
2020-03-24,79.7,312.35,271.9,77.55,262.85
2020-03-25,77.85,301.3,286.8,79.7,273.75
2020-03-26,78.0,435.9,284.45,79.65,282.3
2020-03-27,76.9,411.1,277.25,83.0,278.75
2020-03-30,76.8,413.4,254.05,81.75,274.75
2020-03-31,81.65,351.3,269.6,84.2,316.9
2020-04-01,78.95,342.25,266.35,81.0,302.95
2020-04-03,79.5,313.2,253.75,79.55,317.15
2020-04-07,83.0,383.85,276.2,81.55,351.1
2020-04-08,81.75,399.15,274.75,85.2,342.3
2020-04-09,83.4,395.4,284.85,87.1,344.9
2020-04-13,83.15,410.4,282.55,88.65,350.1
2020-04-15,83.2,424.1,285.15,89.9,353.85
2020-04-16,84.7,435.4,288.9,95.1,355.4
2020-04-17,86.0,474.45,293.35,95.5,360.1
2020-04-20,87.55,456.7,286.4,98.9,368.4
2020-04-21,83.0,400.85,265.95,97.3,355.25
2020-04-22,83.0,415.9,268.35,97.6,356.7
2020-04-23,83.1,409.95,270.3,95.2,355.15
2020-04-24,81.5,382.9,267.55,93.4,350.45
2020-04-27,81.5,407.4,271.65,92.35,355.4
2020-04-28,79.65,468.05,273.55,90.35,359.1
2020-04-29,80.5,471.1,282.65,90.2,360.75
2020-04-30,84.2,468.15,298.3,95.05,370.0
2020-05-04,79.75,423.05,273.6,91.45,347.9
2020-05-05,78.7,418.7,272.65,92.6,347.05
2020-05-06,76.55,425.5,277.75,94.7,343.8
2020-05-07,75.75,454.35,275.85,90.45,329.55
2020-05-08,74.35,440.35,272.9,87.0,324.75
2020-05-11,75.35,433.4,276.2,86.65,314.8
2020-05-12,74.9,446.2,273.95,91.65,312.5
2020-05-13,76.0,448.6,276.55,93.05,316.55
2020-05-14,75.15,428.0,268.55,89.35,309.7
2020-05-15,75.5,418.7,273.45,90.85,318.2
2020-05-18,71.55,376.75,266.6,88.9,294.05
2020-05-19,72.05,367.8,272.0,91.05,293.3
2020-05-20,74.1,357.3,283.2,92.9,308.9
2020-05-21,74.45,346.8,283.7,90.25,313.2
2020-05-22,75.5,338.35,274.45,90.95,315.2
2020-05-26,77.15,348.2,280.45,93.0,313.15
2020-05-27,77.55,368.95,287.95,94.7,329.45
2020-05-28,77.7,386.85,295.5,95.7,326.45
2020-05-29,83.2,393.65,295.2,97.85,342.8
2020-06-01,86.15,410.1,315.2,97.9,346.3
2020-06-02,85.8,434.7,319.4,96.75,341.6
2020-06-03,87.0,432.35,317.4,94.7,349.05
2020-06-04,85.9,415.05,319.95,95.15,357.25
2020-06-05,89.4,422.35,338.95,97.95,369.6
2020-06-08,93.1,451.6,333.6,98.55,394.1
2020-06-09,90.65,463.9,332.2,98.0,381.5
2020-06-10,89.95,499.6,324.0,98.15,378.95
2020-06-11,88.35,523.15,313.15,98.05,370.05
2020-06-12,88.3,528.45,317.6,96.9,373.9
2020-06-15,86.2,490.55,306.2,93.2,361.0
2020-06-16,84.85,481.8,308.95,92.8,359.75
2020-06-17,84.35,491.15,308.2,91.5,364.6
2020-06-18,84.85,499.2,318.1,92.7,370.25
2020-06-19,85.3,483.65,320.55,93.0,380.55
2020-06-22,88.05,489.9,325.7,95.3,385.15
2020-06-23,89.35,520.4,332.0,100.75,392.0
2020-06-24,87.1,481.7,326.05,97.05,378.55
2020-06-25,85.05,475.15,323.1,96.1,370.25
2020-06-26,89.15,492.55,323.85,97.0,393.65
2020-06-29,87.1,480.0,320.85,94.9,383.35
2020-06-30,85.35,474.8,326.7,95.8,374.0
2020-07-01,85.65,492.45,323.7,93.6,380.15
2020-07-02,88.35,494.8,334.9,93.4,383.5
2020-07-03,87.85,487.2,329.9,94.5,385.4
2020-07-06,87.95,495.9,338.9,95.2,390.2
2020-07-07,86.15,526.3,330.3,92.55,379.85
2020-07-08,86.95,552.6,334.2,91.0,378.15
2020-07-09,86.5,556.55,344.5,91.2,376.75
2020-07-10,86.15,539.25,338.7,90.4,376.35
2020-07-13,87.4,539.65,342.1,89.9,379.95
2020-07-14,86.4,510.8,336.65,87.65,373.75
2020-07-15,85.65,503.55,339.3,88.05,369.6
2020-07-16,84.25,518.6,341.65,86.75,393.9
2020-07-17,86.9,520.8,350.95,88.3,443.8
2020-07-20,88.3,528.75,352.4,87.15,437.3
2020-07-21,93.45,523.5,359.15,88.35,464.2
2020-07-22,92.0,513.55,350.05,90.35,450.6
2020-07-23,94.3,513.9,351.9,90.55,457.55
2020-07-24,92.8,522.25,346.1,89.4,448.4
2020-07-27,93.75,506.65,352.85,87.65,457.7
2020-07-28,93.4,526.95,358.5,88.55,461.5
2020-07-29,92.6,550.5,373.75,88.15,453.8
2020-07-30,88.55,519.85,366.6,86.6,419.1
2020-07-31,88.45,523.75,366.3,87.0,413.8
2020-08-03,86.2,503.05,373.5,85.6,417.8
2020-08-04,86.95,492.6,372.25,85.6,408.55
2020-08-05,86.6,492.75,395.8,85.9,410.45
2020-08-06,87.2,494.9,400.45,86.15,409.55
2020-08-07,86.4,509.0,404.05,85.8,419.75
2020-08-10,87.1,509.35,410.2,88.2,415.15
2020-08-11,87.05,522.0,416.45,88.25,429.25
2020-08-12,85.85,520.65,414.5,88.7,421.8
2020-08-13,86.85,518.75,413.1,87.25,421.15
2020-08-14,84.8,507.2,418.5,88.4,413.25
2020-08-17,87.55,513.15,425.05,95.3,407.9
2020-08-18,87.0,521.6,434.5,95.05,402.3
2020-08-19,88.0,522.15,431.7,94.65,403.7
2020-08-20,89.05,513.4,432.6,101.1,412.45
2020-08-21,88.85,513.55,428.85,105.95,410.1
2020-08-24,88.35,529.15,429.5,105.4,409.75
2020-08-25,88.3,536.5,424.0,103.8,412.9
2020-08-26,87.9,567.65,425.0,102.8,410.1
2020-08-27,87.2,605.85,426.85,102.6,412.95
2020-08-28,87.8,665.65,424.2,101.55,415.05
2020-08-31,85.8,630.2,413.0,96.4,407.8
2020-09-01,84.65,627.45,428.65,99.8,407.25
2020-09-02,85.3,640.55,438.65,98.95,413.95
2020-09-03,85.1,631.85,438.1,97.7,413.4
2020-09-04,83.9,616.15,421.3,94.7,403.35
2020-09-07,83.8,608.7,422.5,92.4,400.2
2020-09-08,82.75,600.4,405.1,90.65,412.1
2020-09-09,80.55,604.6,417.4,90.4,405.95
2020-09-10,83.55,620.45,408.0,90.55,430.3
2020-09-11,83.1,610.35,407.5,90.1,428.75
2020-09-14,82.7,609.35,404.65,90.85,417.15
2020-09-15,82.25,633.4,405.25,91.1,414.4
2020-09-16,82.7,621.65,404.6,89.65,413.05
2020-09-17,81.8,617.35,398.7,88.65,415.6
2020-09-18,80.7,613.2,395.5,90.55,412.05
2020-09-21,77.7,560.6,373.4,88.3,401.45
2020-09-22,76.15,544.0,374.15,87.7,392.15
2020-09-23,75.95,528.05,361.3,85.1,387.65
2020-09-24,72.0,490.25,343.9,82.65,377.25
2020-09-25,74.1,514.85,352.1,84.8,375.75
2020-09-28,75.65,555.1,361.0,87.5,385.15
2020-09-29,74.85,536.25,370.05,85.15,386.55
2020-09-30,73.9,527.4,359.75,85.1,353.05
2020-10-01,74.1,592.2,364.95,84.9,353.3
2020-10-05,75.55,601.55,382.3,84.45,354.15
2020-10-06,75.35,622.8,377.4,84.15,352.05
2020-10-07,75.2,619.1,371.1,82.8,342.25
2020-10-08,75.5,617.7,373.65,82.6,340.05
2020-10-09,76.5,623.05,369.5,82.9,345.0
2020-10-12,75.7,614.45,371.1,82.75,341.6
2020-10-13,76.1,608.2,368.35,82.65,339.1
2020-10-14,74.65,622.65,375.55,79.1,332.9
2020-10-15,74.55,598.0,373.9,79.0,326.65
2020-10-16,74.2,608.3,393.85,80.3,339.95
2020-10-19,76.8,627.1,395.5,81.65,346.65
2020-10-20,75.05,625.25,392.4,80.65,343.35
2020-10-21,76.0,628.1,404.05,82.3,349.55
2020-10-22,77.7,608.75,409.65,84.65,349.35
2020-10-23,78.25,608.15,423.45,86.25,351.55
2020-10-26,78.1,616.65,408.4,85.95,346.1
2020-10-27,78.1,614.0,411.0,89.45,348.65
2020-10-28,78.05,592.85,402.3,88.1,345.45
2020-10-29,78.4,588.7,401.4,86.5,341.8
2020-10-30,79.55,585.7,410.55,87.6,354.45
2020-11-02,78.2,628.35,402.85,89.2,346.4
2020-11-03,78.0,646.6,406.9,85.95,350.85
2020-11-04,77.95,678.05,403.9,85.1,348.85
2020-11-05,79.8,714.4,425.5,86.8,366.3
2020-11-06,80.25,738.65,426.5,87.3,362.45
2020-11-09,81.2,775.45,438.3,89.45,375.55
2020-11-10,84.25,835.2,441.9,91.5,382.8
2020-11-11,85.0,787.95,473.95,92.9,394.0
2020-11-12,85.3,769.2,473.15,90.8,394.65
2020-11-13,84.75,768.55,486.55,91.45,394.0
2020-11-14,86.65,770.45,492.2,90.9,412.85
2020-11-17,84.95,784.15,522.7,88.7,394.65
2020-11-18,85.25,828.3,517.2,88.3,383.05
2020-11-19,84.7,818.0,523.6,89.8,383.7
2020-11-20,84.85,811.0,532.9,91.8,383.3
2020-11-23,86.45,849.75,543.1,93.65,394.45
2020-11-24,86.15,853.7,548.3,94.15,389.75
2020-11-25,85.75,855.05,541.25,93.95,382.05
2020-11-26,85.6,850.55,568.4,94.1,378.0
2020-11-27,84.6,857.65,577.35,94.7,373.0
2020-12-01,85.85,895.5,585.8,93.75,379.3
2020-12-02,88.4,897.3,604.35,94.8,384.5
2020-12-03,89.9,896.25,620.9,98.55,393.9
2020-12-04,90.4,913.65,622.7,98.55,392.3
2020-12-07,91.7,935.15,614.55,99.75,395.0
2020-12-08,91.05,916.7,613.45,98.2,390.45
2020-12-09,93.95,928.5,609.35,98.3,395.15
2020-12-10,92.45,915.85,610.1,97.15,399.3
2020-12-11,93.85,923.75,621.7,102.4,397.4
2020-12-14,96.2,921.25,626.75,104.6,405.45
2020-12-15,95.45,926.75,635.35,105.85,398.6
2020-12-16,96.35,921.8,643.4,104.9,399.6
2020-12-17,95.4,935.8,635.3,104.45,395.4
2020-12-18,93.95,905.2,631.25,103.75,393.85
2020-12-21,87.1,842.7,595.85,97.5,367.35
2020-12-22,87.95,840.7,601.35,98.9,372.5
2020-12-23,88.15,855.35,621.4,98.55,374.4
2020-12-24,90.25,852.8,622.3,99.95,377.55
2020-12-28,91.7,866.95,632.65,100.45,382.75
2020-12-29,91.2,912.9,632.2,98.6,381.5
2020-12-30,90.9,899.05,640.45,99.1,382.85
2020-12-31,90.95,894.95,643.65,99.35,381.1
2021-01-01,91.5,900.15,643.1,99.05,381.95
2021-01-04,93.85,897.85,693.0,99.05,395.35
2021-01-05,93.0,921.65,680.55,97.6,392.0
2021-01-06,94.1,922.35,683.8,97.85,387.3
2021-01-07,94.5,952.05,722.8,97.0,392.2
2021-01-08,96.15,939.8,713.15,100.15,400.15
2021-01-11,96.0,929.1,695.65,99.0,401.75
2021-01-12,97.95,927.65,694.9,100.15,402.55
2021-01-13,100.95,942.75,709.15,102.55,411.9
2021-01-14,103.2,969.7,706.35,102.2,426.7
2021-01-15,101.3,965.9,705.9,100.45,414.6
2021-01-18,98.3,932.8,666.7,97.55,409.55
2021-01-19,98.55,939.9,681.1,99.65,413.45
2021-01-20,98.3,947.7,690.15,98.3,413.85
2021-01-21,96.7,925.85,666.7,96.1,408.3
2021-01-22,95.7,893.3,647.0,94.05,396.05
2021-01-25,93.45,849.15,651.95,93.2,387.3
2021-01-27,91.4,820.15,626.0,91.3,380.6
2021-01-28,92.6,802.6,623.7,91.6,384.3
2021-01-29,93.25,846.1,601.0,88.95,383.6
2021-02-01,95.8,970.6,636.1,92.0,393.0
2021-02-02,98.8,975.65,641.65,94.15,408.0
2021-02-03,101.85,1048.55,653.15,96.95,414.9
2021-02-04,103.6,1032.15,655.95,99.05,418.55
2021-02-05,102.4,1025.1,685.05,99.5,415.0
2021-02-08,104.1,1035.1,702.95,100.3,420.05
2021-02-09,97.7,1025.8,699.2,99.95,419.35
2021-02-10,96.75,1022.8,690.25,99.85,415.8
2021-02-11,96.5,1021.9,694.7,97.3,421.95
2021-02-12,95.1,1027.4,680.5,95.95,418.1
2021-02-15,94.15,1057.6,672.15,95.2,419.0
2021-02-16,95.6,1058.25,699.2,98.0,417.95
2021-02-17,95.0,1033.2,696.8,99.35,411.7
2021-02-18,99.0,1046.05,697.75,103.4,432.2
2021-02-19,97.55,1065.9,670.7,104.2,430.0
2021-02-22,95.65,1022.9,684.55,102.05,422.55
2021-02-23,97.65,1048.3,729.3,103.4,435.25
2021-02-24,97.95,1070.0,727.7,103.2,438.7
2021-02-25,100.9,1109.75,742.9,108.0,461.55
2021-02-26,98.05,1062.95,715.15,107.3,449.85
2021-03-01,100.7,1067.95,730.4,108.45,455.25
2021-03-02,102.2,1073.35,735.5,112.55,469.0
2021-03-03,102.6,1099.75,777.15,112.7,466.35
2021-03-04,101.45,1091.95,757.95,110.8,463.9
2021-03-05,101.45,1039.9,733.3,108.7,461.8
2021-03-08,103.6,1018.25,737.25,110.55,466.7
2021-03-09,100.55,1024.8,706.75,109.5,445.9
2021-03-10,98.85,1039.85,724.5,109.65,445.5
2021-03-12,101.3,1022.65,719.95,109.1,457.55
2021-03-15,101.05,1038.65,736.4,110.5,460.55
2021-03-16,100.4,1034.7,724.05,109.55,453.85
2021-03-17,98.2,1008.95,704.4,106.55,432.05
2021-03-18,97.25,1002.8,704.85,103.8,426.9
2021-03-19,98.75,1011.9,733.0,108.5,432.95
2021-03-22,99.15,968.15,743.5,109.85,439.35
2021-03-23,96.75,990.05,741.15,108.65,436.5
2021-03-24,94.55,958.7,702.8,106.0,429.95
2021-03-25,90.9,957.8,723.15,103.0,418.95
2021-03-26,90.9,952.75,766.85,104.2,424.2
2021-03-30,91.55,961.05,800.0,107.7,430.8
2021-03-31,91.85,954.45,811.85,106.55,427.95
2021-04-01,93.15,993.3,863.05,107.9,437.4
2021-04-05,90.75,937.35,867.75,106.3,428.05
2021-04-06,91.15,927.25,862.85,106.05,428.1
2021-04-07,92.7,945.55,874.85,105.45,428.2
2021-04-08,92.95,934.9,918.4,105.0,430.55
2021-04-09,91.7,923.65,899.5,102.8,425.6
2021-04-12,87.0,844.4,851.55,99.05,403.95
2021-04-13,88.8,877.4,879.0,100.6,409.4
2021-04-15,90.1,858.35,898.2,101.35,404.85
2021-04-16,90.15,862.95,890.25,102.45,413.8
2021-04-19,88.1,832.0,888.05,99.05,408.75
2021-04-20,87.8,845.0,894.0,99.05,408.1
